{"cameraMode":{"drawMode":0,"name":"Shaded","section":"Shading Mode"},"sceneLighting":false,"audioPlay":false,"sceneViewState":{"showFog":true,"showMaterialUpdate":false,"showSkybox":false,"showFlares":true,"showImageEffects":true,"showParticleSystems":true},"in2DMode":false,"pivot":{"x":2.5322518348693849,"y":-0.06854116916656494,"z":5.865169048309326},"rotation":{"x":-0.18306180834770204,"y":0.282183438539505,"z":-0.05494663119316101,"w":-0.9401286244392395},"size":6.305787563323975,"orthographic":false}