{"cameraMode":{"drawMode":0,"name":"Shaded","section":"Shading Mode"},"sceneLighting":false,"audioPlay":false,"sceneViewState":{"showFog":true,"showMaterialUpdate":false,"showSkybox":false,"showFlares":true,"showImageEffects":true,"showParticleSystems":true},"in2DMode":false,"pivot":{"x":1.9900000095367432,"y":1.0,"z":1.940000057220459},"rotation":{"x":-0.7002788782119751,"y":-0.005376789253205061,"z":0.005274767521768808,"w":-0.713829755783081},"size":3.780625104904175,"orthographic":true}