{"cameraMode":{"drawMode":0,"name":"Shaded","section":"Shading Mode"},"sceneLighting":false,"audioPlay":false,"sceneViewState":{"showFog":true,"showMaterialUpdate":false,"showSkybox":false,"showFlares":true,"showImageEffects":true,"showParticleSystems":true},"in2DMode":false,"pivot":{"x":-1.155365228652954,"y":0.9462890625,"z":-0.839508056640625},"rotation":{"x":0.6882061958312988,"y":-0.018269099295139314,"z":0.01734045147895813,"w":0.725077748298645},"size":3.226961612701416,"orthographic":true}