{"cameraMode":{"drawMode":0,"name":"Shaded","section":"Shading Mode"},"sceneLighting":false,"audioPlay":false,"sceneViewState":{"showFog":true,"showMaterialUpdate":false,"showSkybox":false,"showFlares":true,"showImageEffects":true,"showParticleSystems":true},"in2DMode":false,"pivot":{"x":-0.42519038915634158,"y":2.5292885303497316,"z":-0.8102084994316101},"rotation":{"x":0.28000903129577639,"y":0.28661057353019717,"z":-0.08800049126148224,"w":0.9119787812232971},"size":7.01710844039917,"orthographic":true}